https://github.com/jinfagang/keras_frcnn,object_detection,image,"faster-rcnn,"
https://github.com/fizyr/keras-retinanet,object_detection,Open Images,"vgg, ResNet, DenseNet,"
https://github.com/tomrunia/TF_FeatureExtraction,image_classification,"image, ImageNet","vgg, inception, ResNet,"
https://github.com/sjvasquez/instacart-basket-prediction,prediction,table,"CNN, RNN, LSTM, SGNS, NNMF, GBM, Feedforward NN"
https://github.com/Microsoft/MMdnn,unknown,ImageNet,"inception, ResNet, YOLO"
https://github.com/chenyuntc/PyTorchText,text_classification,text,"CNN, inception, rcnn, RNN, FastText, LSTM,"
https://github.com/michuanhaohao/keras_reid,classification,unknown,","
https://github.com/TensorFlowNews/TensorFlow-Bitcoin-Robot,prediction,table,"CNN, LSTM,"
https://github.com/nicholastoddsmith/poeai,image_classification,image,CNN
https://github.com/fengju514/Face-Pose-Net,object_recognition,image,"DCNN, FPN"
https://github.com/vahidk/TensorflowFramework,image_classification,"image, MNIST, cifar10, cifar100","CNN, AlexNet,"
https://github.com/hassony2/kinetics_i3d_pytorch,unknown,ImageNet,inception
https://github.com/itayhubara/BinaryNet.tf,image_classification,"cifar10, cifar100","BN, BNN"
https://github.com/Determined22/zh-NER-TF,ner,text,"BiLSTM, CRF"
https://github.com/dvornikita/blitznet,object_detection,"Pascal VOC07, Pascal VOC12, COCO, ImageNet","BlitzNet,"
https://github.com/BenWhetton/keras-surgeon,image_classification,"image, MNIST","inception, LeNet,"
https://github.com/taki0112/ResNeXt-Tensorflow,image_classification,Cifar10,"ResNet, DenseNet, ResNeXt"
https://github.com/hwalsuklee/tensorflow-generative-model-collections,unknown,"MNIST, Fashion-MNIST","GAN, VAE,"
https://github.com/NLPLearn/R-net,reading_comprehension,"text, SQuAD","residual, GRU, R-NET"
https://github.com/raghakot/keras-text,text_classification,text,"CNN, RNN, HAN"
https://github.com/gaussic/text-classification-cnn-rnn,text_classification,"text, THUCNews","CNN, RNN"
https://github.com/youngjoo-epfl/gconvRNN,unknown,Penn Treebank,"LSTM, GCRNN"
https://github.com/zonetrooper32/VDCNN,text_classification,"Yelp, Yahoo!, HD1K Benchmark Suite, Sogou, DBPedia, Amazon Review","CNN, VDCNN"
https://github.com/NifTK/NiftyNet,image_classification,image,"CNN, GAN, NiftyNet"
https://github.com/IBM/tensorflow-hangul-recognition,Character Recognition,text,"CNN,"
https://github.com/AITTSMD/MTCNN-Tensorflow,object_detection,image,"MTCNN,"
https://github.com/robmsmt/KerasDeepSpeech,speech_recognition,"Mozilla Common Voice, LibriSpeech","CTC,"
https://github.com/shiyybua/NER,ner,text,"BiRNN, CRF"
https://github.com/pkmital/pycadl,unknown,"image, text, audio, MNIST, NSynth, Google Audioset, LibriSpeech","CNN, inception, GAN, VAE, residual, RNN, seq2seq,"
https://github.com/DongjunLee/conversation-tensorflow,unknown,text,"RNN, LSTM, HMM, GRU, seq2seq,"
https://github.com/google-research/batch-ppo,reinforcement learning,unknown,
https://github.com/ankonzoid/LearningX,reinforcement learning,none,
https://github.com/HaloOrangeWang/NoiseMaker,audio,none,"LSTM, HMM"
https://github.com/sjvasquez/web-traffic-forecasting,prediction,table,"WaveNet,"
https://github.com/tesserai/tfi,image_classification,image,"inception,"
https://github.com/minhnhat93/tf-SNDCGAN,sentiment_analysis,Cifar10,"inception, GAN,"
https://github.com/castorini/honk,speech_recognition,"audio, Speech Commands Dataset","CNN,"
https://github.com/taki0112/SENet-Tensorflow,image_classification,"Cifar10, ImageNet","SENet,"
https://github.com/guillaumegenthial/im2latex,unknown,"image, text","seq2seq,"
https://github.com/RasaHQ/rasa_core,unknown,"text, audio",","
https://github.com/taehoonlee/tensornets,object_detection,"image, OpenImages, ImageNet","inception, FCN, SSD, YOLO, faster-rcnn"
https://github.com/eragonruan/text-detection-ctpn,text_detection,"text, image","vgg, faster-rcnn,"
https://github.com/tensorflow/lattice,unknown,unknown,","
https://github.com/eridgd/WCT-TF,object_localization,"image, COCO, MS MARCO","vgg,"
https://github.com/MaybeShewill-CV/CRNN_Tensorflow,character Recognition,synth90k,"CNN, RNN, CTC, End-to-End, Bi-LSTM,"
https://github.com/openai/gradient-checkpointing,unknown,unknown,"ResNet,"
https://github.com/zjjMaiMai/Deep-Alignment-Network-A-convolutional-neural-network-for-robust-face-alignment,object_detection,image,"CNN, DAN"
https://github.com/EliotAndres/pretrained.ml,unknown,image,","
https://github.com/Joker316701882/Salient-Object-Detection,object_detection,image,","
https://github.com/allenai/bilm-tf,text_classification,"text, SQuAD, Mozilla Common Voice","ELMo, LSTM, biLM"
https://github.com/mkocabas/focal-loss-keras,unknown,unknown,","
https://github.com/conan7882/CNN-Visualization,visualization,image,"CNN, vgg, GoogLeNet,"
https://github.com/onnx/onnx-tensorflow,unknown,unknown,"CNN, vgg,"
https://github.com/shenweichen/DeepCTR,unknown,unknown,"BiLSTM, ONN, FGCNN, FiBiNET, DSIN, DeepFM"
https://github.com/Microsoft/samples-for-ai,object_recognition,"image, MNIST","DNN,"
https://github.com/tf-coreml/tf-coreml,unknown,unknown,","
https://github.com/scofield7419/sequence-labeling-BiLSTM-CRF,ner,text,",BiLSTM, CRF"
https://github.com/cydonia999/Tiny_Faces_in_Tensorflow,object_detection,image,"ResNet,"
https://github.com/andabi/deep-voice-conversion,speech_recognition,"audio, TIMIT. Arctic","End-to-End, GRU, CBHG,"
https://github.com/GSByeon/multi-speaker-tacotron-tensorflow,speech_recognition,"text, audio, Audioset","End-to-End,"
https://github.com/cvlab-epfl/tf-lift,unknown,image,","
https://github.com/andrewliao11/gail-tf,reinforcement learning,unknown,"End-to-End,"
https://github.com/for-ai/CipherGAN,unknown,image,"GAN,"
https://github.com/RandolphVI/Multi-Label-Text-Classification,text_classification,text,"CNN, FastText, LSTM,"
https://github.com/matterport/Mask_RCNN,object_detection,"image, COCO, ImageNet, MS MARCO, Mozilla Common Voice","rcnn,"
https://github.com/mirceamironenco/BayesianRecurrentNN,unknown,unknown,"BRNN,"
https://github.com/hellochick/PSPNet-tensorflow,object_recognition,im,"PSPNet,"
https://github.com/nick6918/MyDeepLearning,object_localization,"image, MNIST, COCO, CIFAR-10","CNN, ResNet, FCN, rcnn, GAN, VAE, RNN, LSTM,"
https://github.com/akshaybahadur21/Digit-Recognizer,object_recognition,"image, MNIST","Softmax Regression,"
https://github.com/kk7nc/RMDL,"image_classification, text_classification","20Newsgroups, Reters-21578, MNIST, CIFAR-10, IMDB","RMDL, CNN, RNN, LSTM, DNN, GRU,"
https://github.com/huxiaoman7/PaddlePaddle_code,image_classification,"MNIST, Fashion-MNIST","Lenet, AlexNet, vgg"
https://github.com/Kyubyong/deepvoice3,speech_recognition,"audio, LJ Speech",","
https://github.com/maxpumperla/deep_learning_and_the_game_of_go,unknown,unknown,","
https://github.com/GenTang/intro_ds,unknown,unknown,","
https://github.com/naturomics/CapsNet-Tensorflow,image_classification,"image, MNIST, Fashion-MNIST","CapsNet,"
https://github.com/XifengGuo/CapsNet-Keras,image_classification,"image, MNIST, Google Audioset","CapsNet,"
https://github.com/BertMoons/QuantizedNeuralNetworks-Keras-Tensorflow,image_classification,"image, MNIST, CIFAR-10","QNN,"
https://github.com/r9y9/deepvoice3_pytorch,speech_recognition,"JSUT, LJ Speech,  VCTK","Kaldi, seq2seq, End-to-End"
https://github.com/FitMachineLearning/FitML,Q-learning,unknown,"FitML,"
https://github.com/OpenNMT/OpenNMT-tf,machine_translation,text,RNN
https://github.com/flrngel/Self-Attentive-tensorflow,Sentence Embedding,text,","
https://github.com/jaesik817/adv_attack_capsnet,image_classification,"image, MNIST, Google Audioset","FGSM, AGL"
https://github.com/shubhomoydas/ad_examples,object_detection,"image, toy2","GAN, SVM, RNN, LSTM"
https://github.com/NLPLearn/QANet,reading comprehension,SQuAD,"QANet,"
https://github.com/ljanyst/ssd-tensorflow,object_detection,Pascal VOC,vgg
https://github.com/Thenerdstation/mltest,unknown,unknown,"GAN,"
https://github.com/danielegrattarola/keras-gat,object_localization,"CORA, PubMed, CiteSeer","GAT,"
https://github.com/fendouai/Chinese-Text-Classification,text_classification,text,"CNN,"
https://github.com/bourdakos1/capsule-networks,image_classification,MNIST,"CapsNet,"
https://github.com/andrejonasson/dynamic-coattention-network-plus,question_answering, SQuAD,"BiLSTM, DCN"
https://github.com/ChenglongChen/tensorflow-DeepFM,prediction,table,"DNN, DeepFM, CTR"
https://github.com/darkonhub/darkon,unknown,unknown,"CNN,"
https://github.com/petercunha/Emotion,object_recognition,unknown,"CNN,"
https://github.com/Microsoft/gated-graph-neural-network-samples,unknown,unknown,"GNN,"
https://github.com/aws/sagemaker-python-sdk,prediction,table,"NTM, LDA, PCA"
https://github.com/roomylee/cnn-relation-extraction,relation_extraction,image,"CNN,"
https://github.com/tuxchow/ecm,text_classification,"ESTC, STC","RNN, seq2seq,"
https://github.com/yangxue0827/R2CNN_FPN_Tensorflow,object_detection,icdar2015,"R2CNN, CNN, FRN"
https://github.com/nerox8664/pytorch2keras,image_classification,ImageNet,"AlexNet, ResNet, DenseNet"
https://github.com/titu1994/Keras-NASNet,image_classification,ImageNet,"NASNet,"
https://github.com/flyyufelix/Direct-Future-Prediction-Keras,"reinforcement learning, ner",VizDoom Health Gathering,"DFP, DDQN"
https://github.com/deepmipt/DeepPavlov,text_classification,"text, SQuAD","FastText, BERT, ELMo, seq2seq,"
https://github.com/hwwang55/GraphGAN,unknown,number,"GraphGAN,"
https://github.com/gzdaijie/tensorflow-tutorial-samples,unknown,MNIST,"CNN,"
https://github.com/jhfjhfj1/autokeras,neural-architecture-search,unknown,","
https://github.com/www0wwwjs1/Matrix-Capsules-EM-Tensorflow,image_classification,"image, MNIST, cifar10, cifar100","CNN, CapsNet"
https://github.com/jsilter/parametric_tsne,unknown,unknown,"tSNE,"
https://github.com/Kyubyong/dc_tts,speech_recognition,"LJ Speech,","SSRN, Text2Mel"
https://github.com/google/deepvariant,unknown,DNA,","
https://github.com/tadejmagajna/HereIsWally,object_detection,"image, COCO","inception, Faster-RCNN"
https://github.com/nicolov/gradient_boosting_tensorflow_xgboost,unknown,unknown,"XGBoost,"
https://github.com/HKUST-KnowComp/R-Net,reading comprehension,SQuAD,"RNN, R-Net,"
https://github.com/Barqawiz/Shakkala,text_vocalization,text,","
https://github.com/BoyuanJiang/Age-Gender-Estimate-TF,object_recognition,"image, wiki, IMDB","CNN,"
https://github.com/yangxue0827/R-DFPN_FPN_Tensorflow,object_detection,Pascal VOC,"R-DFPN,"
https://github.com/bilylee/SiamFC-TensorFlow,object_tracking,"ImageNet, ILSVRC2015","SiamFC,"
https://github.com/kubeflow/kubeflow,unknown,unknown,","
https://github.com/easy-tensorflow/easy-tensorflow,"reinforcement learning, object_detection",unknown,"CNN, RNN"
https://github.com/DongjunLee/text-cnn-tensorflow,"sentiment_analysis, text_classification",text,"text-CNN,"
https://github.com/liyaguang/DCRNN,prediction,table,"DCRNN,"
https://github.com/yangxue0827/FPN_Tensorflow,object_detection,pascal VOC,"FPN, ResNet"
https://github.com/GeorgeSeif/Semantic-Segmentation-Suite,semantic_segmentation,"image, text, HD1K Benchmark Suite","ResNet, SegNet, PSPNet, RefineNet, DeepLabV3, DeepLabV3+, GCN, residual, PSPNet, ICNet"
https://github.com/527515025/My-TensorFlow-tutorials,image_classification,MNIST,"DNN, CNN"
https://github.com/yeephycho/nasnet-tensorflow,object_detection,"image, ImageNet, Google Audioset","CNN, nasnet"
https://github.com/sebastianheinz/stockprediction,prediction,table,","
https://github.com/DongjunLee/transformer-tensorflow,machine_translation,IWSLT'15 English-Vietnamese ,"FFN,"
https://github.com/albermax/innvestigate,object_detection,image,"iNNvestigate,"
https://github.com/UCodeUStory/DeepLearn-Tensorflow,unknown,unknown,","
https://github.com/Jack-Cherish/Deep-Learning,unknown,unknown,","
https://github.com/bhansconnect/alpha_zero_othello,unknown,unknown,","
https://github.com/randaller/cnn-rtlsdr,signal_classification,unknown,"CNN,"
https://github.com/brannondorsey/PassGAN,prediction,"LinkedIn leak, Exploit.in torrent , Hashes.org:","GAN,"
https://github.com/thoughtworksarts/EmoPy,object_recognition,"Extended Cohn-Kanade, Microsoft FER+","FER NN,"
https://github.com/Rayhane-mamah/Tacotron-2,speech_recognition,"LJ Speech, M-AILABS speech","Tacotron, WaveNet"
https://github.com/aspuru-guzik-group/chemical_vae,prediction,ZINC,"VAE, RNN,"
https://github.com/u39kun/deep-learning-benchmark,unknown,unknown,","
https://github.com/GustavZ/realtime_object_detection,object_detection,image,","
https://github.com/soeaver/Pytorch_Mask_RCNN,object_detection,"image, COCO","rcnn,"
https://github.com/zhangqianhui/progressive_growing_of_gans_tensorflow,image_generation,celebA,"PGGAN,"
https://github.com/chen0040/keras-text-summarization,text_summarization,text,"RNN, LSTM, seq2seq,"
https://github.com/algorithmiaio/danku,unknown,unknown,","
https://github.com/JustinhoCHN/SRGAN_Wasserstein,image_classification,"DIV2K, image","GAN, SRGAN"
https://github.com/Li-Ming-Fan/OCR-DETECTION-CTPN,text_detection,image,"CNN, LSTM, CTPN"
https://github.com/hzy46/Deep-Learning-21-Examples,unknown,unknown,","
https://github.com/titu1994/neural-image-assessment,image_generation,AVA,"inception, ResNet, NASNet Mobile, MobileNet"
https://github.com/hiveml/tensorflow-grad-cam,image_classification,ImageNet,"ResNet,"
https://github.com/JunYeopLee/capsule-networks,image_classification,MNIST,"CapsNet,"
https://github.com/felipessalvatore/self_driving_pi_car,object_tracking,image,","
https://github.com/developmentseed/label-maker,data-preprocessing,image,","
https://github.com/charliememory/Pose-Guided-Person-Image-Generation,image_generation,"image, Market-1501",","
https://github.com/neptune-ml/open-solution-data-science-bowl-2018,unknown,unknown,","
https://github.com/brucechou1983/CheXNet-Keras,object_detection,"image, ChestX-ray14","CNN, DenseNet, ChexNet"
https://github.com/shuyo/iir,unknown,unknown,","
https://github.com/farzaa/DeepLeague,object_localization,VOD,"YOLO,"
https://github.com/IsaacChanghau/neural_sequence_labeling,ner,"CoNLL-2003, BIO2","residual, RNN, End-to-End, Bi-LSTM, CRF"
https://github.com/snowkylin/TensorFlow-cn,unknown,unknown,","
https://github.com/aws/sagemaker-tensorflow-container,unknown,unknown,","
https://github.com/hwwang55/RippleNet,recommender_systems,"text, movie, Book-Crossing","End-to-End, RippleNet"
https://github.com/ahmetozlu/vehicle_counting_tensorflow,"object_detection, object_tracking",image,"SSD,"
https://github.com/A-bone1/Attention-ocr-Chinese-Version,text_recognition,"text,","Attention-CRNN,"
https://github.com/rishizek/tensorflow-deeplab-v3,semantic_segmentation,pascal VOC,"ResNet,"
https://github.com/xingyul/Sparse-Winograd-CNN,image_classification,"image, ImageNet","CNN, ResNet,"
https://github.com/lzrobots/DeepEmbeddingModel_ZSL,unknown,unknown,"ResNet,"
https://github.com/tensorflow/kfac,unknown,unknown,","
https://github.com/miranthajayatilake/YOLOw-Keras,object_detection,image,"YOLO,"
https://github.com/qianguih/voxelnet,object_detection,image,"End-to-End, VoxelNet"
https://github.com/deeppomf/DeepCreamPy,image_generation,image,","
https://github.com/Goldesel23/Siamese-Networks-for-One-Shot-Learning,image_classification,"image, Omniglot","DCSN, Siamese Net"
https://github.com/RaphaelMeudec/deblur-gan,image_generation,image,"GAN,"
https://github.com/allenai/PeerRead,prediction,"PearRead,",","
https://github.com/andabi/voice-vector,text_classification,VoxCeleb ,"End-to-End, CBHG,"
https://github.com/onnx/onnxmltools,unknown,unknown,","
https://github.com/ChenglongChen/tensorflow-XNN,prediction,"table, text","FastText, End-to-End,"
https://github.com/princewen/tensorflow_practice,unknown,unknown,","
https://github.com/melodyguan/enas,image_classification,"image, CIFAR-10, Penn Tree Bank",","
https://github.com/llSourcell/Progressive_GANs,image_generation,"image, CIFAR10","inception, GAN,"
https://github.com/rishizek/tensorflow-deeplab-v3-plus,semantic_segmentation,pascal VOC,"ResNet,"
https://github.com/iboing/CliqueNet,image_classification,"image, ILSVRC  2012, ImageNet, CIFAR-10, CIFAR-100, SVHN","DenseNet, CNN. CliqueNet"
https://github.com/DeNA/SRCNNKit,unknown,unknown,","
https://github.com/Ao-Lee/Vgg-Face-Fine-tune,object_detection,"image, LFW, AR dataset, CAS-PEAL",","
https://github.com/JianWenJun/MLDemo,unknown,unknown,","
https://github.com/mrahtz/easy-tf-log,unknown,unknown,","
https://github.com/MarkPKCollier/NeuralTuringMachine,unknown,unknown,"NTM, LSTM,"
https://github.com/auroua/InsightFace_TF,object_recognition,image,"ResNet, vgg,"
https://github.com/HRLTY/TP-GAN,object_recognition,"image, MultiPIE","GAN,"
https://github.com/bystc/FaceRecognition,object_recognition,image,","
https://github.com/EricLingRui/NLP-tools,ner,text,"BiLSTM, CRF"
https://github.com/llSourcell/Neural_Network_Voices,speech_recognition,"audio,","End-to-End, GRU, CBHG,"
https://github.com/stared/livelossplot,unknown,unknown,","
https://github.com/yule-li/CosFace,object_recognition,"CASIA-WebFace-112X96, fw-112X96, image",","
https://github.com/tensorflow/hub,unknown,unknown,","
https://github.com/fizyr/keras-maskrcnn,object_detection,"image, COCO, Open Images","RCNN, MaskRCNN, ResNet50"
https://github.com/omoindrot/tensorflow-triplet-loss,image_classification,MNIST,","
https://github.com/onnx/tensorflow-onnx,unknown,unknown,"RNN, LSTM,"
https://github.com/batzner/indrnn,image_classification,MNIST,"RNN,"
https://github.com/PacktPublishing/Advanced-Deep-Learning-with-Keras,"image_classification, reinforcement_learning, object_detection, semantic_segmentation","image, MNIST","CNN, ResNet, DenseNet, FCN, GAN, VAE, RNN,"
https://github.com/cj0012/AI-Practice-Tensorflow-Notes,image_classification,MNIST,"Lenet,"
https://github.com/Lsdefine/attention-is-all-you-need-keras,unknown,unknown,","
https://github.com/YCG09/chinese_ocr,text_recognition,text,"CTC, CTPN, DenseNet"
https://github.com/bonlime/keras-deeplab-v3-plus,image_segmentation,image,"Deeplabv3,"
https://github.com/omni-us/squeezedet-keras,object_detection,"KITTI, ImageNet",","
https://github.com/chenyilun95/tf-cpn,Deep Mutual Learning ,"image, COCO","ResNet, CPN"
https://github.com/mortendahl/tf-encrypted,unknown,unknown,","
https://github.com/outcastofmusic/quick-nlp,nlp,"text,","seq2seq,"
https://github.com/shaohua0116/Group-Normalization-Tensorflow,"image_classification, object_recognition, object_segmentation, vedio_classification","SVHN, MNIST, COCO, Fashion-MNIST, CIFAR-10, Kinect","BN, GN"
https://github.com/nicola-decao/s-vae-tf,unknown,unknown,","
https://github.com/YingZhangDUT/Deep-Mutual-Learning,object_detection,"image,  Market-1501","MobileNets,"
https://github.com/minimaxir/person-blocker,object_detection,"image, COCO, MS MARCO","Mask R-CNN,"
https://github.com/AlexEMG/DeepLabCut,object_detection,"image,  video","ResNet, readout"
https://github.com/Kyubyong/expressive_tacotron,speech_recognition,"audio, LJ Speech,","GMM, End-to-End, Tacotron"
https://github.com/bzantium/nlp-tensorflow,nlp,text,"CNN, RNN, LSTM,"
https://github.com/pjankiewicz/mercari-solution,unknown,unknown,","
https://github.com/syang1993/gst-tacotron,speech_recognition,"LJ Speech, Blizzard 2013","End-to-End, GST Tacotron"
https://github.com/qqwweee/keras-yolo3,object_detection,image,"YOLO,"
https://github.com/dmlc/gluon-nlp,nlp,text,"RNN, BERT, LSTM,"
https://github.com/HiKapok/tf.fashionAI,object_detection,"image, Alibaba","ResNet, DHN, CPN"
https://github.com/lifeomic/sparkflow,unknown,unknown,","
https://github.com/SeoSangwoo/Attention-Based-BiLSTM-relation-extraction,text_classification,"text, SemEval-2010 Task #8","BiLSTM,"
https://github.com/maiminh1996/YOLOv3-tensorflow,machine_translation,"text, COCO","YOLO,"
https://github.com/stellargraph/stellargraph,graph-generation,"graph, NetworkX","GCN, SGC, PPNP, RGCN"
https://github.com/kermitt2/delft,text_classification,"text, ","CNN, SSD, RNN, FastText, BERT, ELMo, LSTM, End-to-End, GRU,"
https://github.com/xiaofengShi/CHINESE-OCR,"text_classification, text_detection, text_recognition","text,","vgg, CTPN, CRNN, End-to-End, LSTM, CTC, GRU"
https://github.com/llSourcell/Make_Money_with_Tensorflow,unknown,unknown,"AVX, SSE"
https://github.com/chuanqi305/MobileNetv2-SSDLite,object_detection,"pascal VOC, COCO","SSD, MobileNet, "
https://github.com/taki0112/MUNIT-Tensorflow,image_translation,image,"LSGAN, GAN"
https://github.com/tensorflow/moonlight,music,"image, music",","
https://github.com/XanaduAI/pennylane,unknown,unknown,","
https://github.com/HiKapok/SSD.TensorFlow,object_detection,"pascal VOC, COCO","SSD, YOLO, Faster-RCNN, vgg"
https://github.com/pathak22/zeroshot-imitation,zero-shot visual lmitation,video,"AlexNet,"
https://github.com/thulab/DeepHash,deep_hash,"image, COCO, ImageNet, CIFAR-10"," DVSQ, DQN, DHN"
https://github.com/dmlc/dgl,unknown,unknown,","
https://github.com/Liu-Yicheng/Fast-RCNN,object_detection,"pascal VOC, ","fast-rcnn,"
https://github.com/luispedro/BuildingMachineLearningSystemsWithPython,unknown,unknown,","
https://github.com/Azure/kubeflow-labs,unknown,unknown,","
https://github.com/NVIDIA/DeepLearningExamples,unknown,unknown,","
https://github.com/autonomio/talos,unknown,unknown,","
https://github.com/Qidian213/deep_sort_yolov3,object_tracking,"image, COCO","YOLO,"
https://github.com/tomasz-oponowicz/spoken_language_identification,speech_recognition,"audio, spoken language dataset","CNN,"
https://github.com/MillionIntegrals/vel,"reinforcement learning, cv, nlp","text, image, ","residual, LSTM, GRU, PPO, A2C, DDPG, TRPO, ACER, DQN"
https://github.com/cheungdaven/DeepRec,recommender_systems,sequential data,","
https://github.com/Justin-Tan/generative-compression,image_compression,"image,leftImg8bit","GAN, DCGAN"
https://github.com/dinghanshen/SWEM,"nlp, representation_learning","text, Yahoo, DBPedia, SNLI","SWEM,"
https://github.com/tensorflow/compression,image_compression,"image, ","End-to-End,"
https://github.com/NervanaSystems/nlp-architect,nlp,"text, ","BERT, End-to-End, GNMT, ABSA, NP2Vec"
https://github.com/qfgaohao/pytorch-ssd,object_detection,"image, OpenImages, ","vgg, SSD, MobileNet"
https://github.com/waleedka/hiddenlayer,unknown,unknown,","
https://github.com/ildoonet/deepface,"object_detection, object_recognition",image,"vgg, MobileNet, SSD, dlib"
https://github.com/qubvel/classification_models,image_classification,ImageNet,"vgg, inception, ResNet, DenseNet, SE-ResNet, Xception, NASNet, MobileNet"
https://github.com/rubenvillegas/cvpr2018nkn,unsupervised_motion_retargetting,video,","
https://github.com/MaybeShewill-CV/lanenet-lane-detection,object_detection,"image, Tusimple","LaneNet, CNN, vgg, FCN, End-to-End,"
https://github.com/dongjun-Lee/text-summarization-tensorflow,text_summarization,text,"LSTM, seq2seq,"
https://github.com/taki0112/Self-Attention-GAN-Tensorflow,image_classification,"image, ImageNet, MNIST, Cifar10","SAGAN,"
https://github.com/keras-team/keras-applications,"object_detection, object_segmentation, sequene_learning, reinforcement_learning","image, ImageNet","VGG, ResNet, Inception, Xception, MobileNet, DenseNet, NASNet, EfficientNet"
https://github.com/LoSealL/VideoSuperResolution,super-resolution,"image, video,","SRCNN, RAISR, ESPCN, VDSR, DRCN, DRRN, LapSRN, EDSR"
https://github.com/qubvel/segmentation_models,image_segmentation,"image, CamVid","Unet, FPN, Linknet, PSPNet, Resnet, ResNext, EfficientNet, DenseNet"
https://github.com/mlflow/mlflow,unknown,unknown,","
https://github.com/deepmind/scalable_agent,unknown,unknown,","
https://github.com/nyukat/breast_density_classifier,image_classification,"image, L-CC, L-MLO, R-CC, R-MLO","CNN, density model"
https://github.com/ChenglongChen/tensorflow-DSMM,question_answering,"text,","CNN, DSSM, FastText, LSTM, GRU, BCNN, ESIM, SecAtt, FastText, TextCNN, TextRNN"
https://github.com/DjangoPeng/tensorflow-in-depth,unknown,unknown,","
https://github.com/taki0112/StarGAN-Tensorflow,image_generation,"image, celebA","StarGAN, GAN"
https://github.com/idealo/image-quality-assessment,image_generation,"image, AVA, TID2013","MobileNet,"
https://github.com/IndicoDataSolutions/finetune,nlp,"text, ","BERT, GPT, TextCNN, RoBERTa, TCN"
https://github.com/MorvanZhou/Tensorflow-Computer-Vision-Tutorial,cv,"image, ","CNN, GoogLeNet, ResNet, LeNet,"
https://github.com/uber/petastorm,unknown,unknown,","
https://github.com/EricZgw/PyramidBox,object_detection,"image, WIDER FACE",","
https://github.com/akanimax/T2F,image_generation,image,"GAN,"
https://github.com/ahmetozlu/tensorflow_object_counting_api,object_detection,"image,","SSD, RCNN, MobileNet"
https://github.com/buppt/ChineseNER,ner,"bosonnlp, MSRA",","
https://github.com/tensorflow/data-validation,unknown,unknown,","
https://github.com/crazydonkey200/neural-symbolic-machines,"reinforcement learning, semantic_parsing",WikiTable,","
https://github.com/strubell/LISA,LISA,CoNLL-2005,","
https://github.com/supervisely/supervisely,unknown,unknown,"ResNet, rcnn, YOLO,"
https://github.com/Mariewelt/OpenChem,"classification, regression, multi-task","sequential data, graph","RNN, GCN"
https://github.com/titu1994/keras-coordconv,classification,"image, Uniform dataset, Quadrant dataset",Coordinate Channel
https://github.com/KelvinZx/sfcn-opi,"object_detection, classification","image, CRCHistoPhenotypes","FCN,"
https://github.com/dongjun-Lee/text-classification-models-tf,text_classification,"text, DBPedia","CNN, rcnn, RNN, RNN, Bi-RNN, VDCNN"
https://github.com/Microsoft/LQ-Nets,image_classification,"image, ImageNet","ResNet, AlexNet, DenseNet, VGG, Lenet"
https://github.com/yu4u/noise2noise,image_denoising,"image, ImageNet","SRResNet, UNet, RED30"
https://github.com/llSourcell/Machine-Learning-API-Tutorial,image_generation,"image, Floyd Data",","
https://github.com/shaohua0116/Multiview2Novelview,multi-view synthesis,"image, HDF5","GAN, End-to-End, ShapeNet"
https://github.com/thatbrguy/Pedestrian-Detection,object_detection,"image, TownCentre","Fastere-RCNN, SSD, Inception, MobileNet"
https://github.com/jiaruncao/Readers,reading comprehension,"text, Chinese College Exam",","
https://github.com/conan7882/adversarial-autoencoders-tf,image_classification,"image, MNIST","VAE, GMM, AAE"
https://github.com/kgrm/NALU,unknown,unknown,","
https://github.com/jsn5/dancenet,image_generation,"image,","LSTM, MDN, VA"
https://github.com/hanxiao/tf-nlp-blocks,nlp,text,","
https://github.com/IBM/AIF360,fairness_testing,unknown,","
https://github.com/tensorlayer/openpose-plus,object_detection,"image, COCO","vgg,"
https://github.com/RJT1990/mantra,unknown,unknown,","
https://github.com/ZFTurbo/Keras-RetinaNet-for-Open-Images-Challenge-2018,image_classification,"image, Ope Images, ","ResNet,"
https://github.com/tensorflow/datasets,unknown,unknown,","
https://github.com/guillaumegenthial/tf_ner,ner,"text, CoNLL2003","End-to-End, Bi-LSTM, CNN, CRF"
https://github.com/tensorflow/mesh,unknown,unknown,","
https://github.com/arogozhnikov/einops,unknown,unknown,","
https://github.com/Timthony/self_drive,object_tracking,image,"End-to-End,"
https://github.com/osforscience/TensorFlow-Course,unknown,unknown,"LSTM,"
https://github.com/NVlabs/noise2noise,image_denoising,"image, ImageNet, IXI-T1 ",","
https://github.com/blue-oil/blueoil,unknown,unknown,","
https://github.com/Separius/BERT-keras,transfer_learning,"text, ","BERT, BiLSTM,"
https://github.com/vergeml/vergeml,unknown,unknown,","
https://github.com/terrytangyuan/tensorflow-in-practice-code,unknown,unknown,","
https://github.com/nickliqian/cnn_captcha,text_recognition,image,"CNN, "
https://github.com/tensorflow/agents,unknown,unknown,"End-to-End,"
https://github.com/macanv/BERT-BiLSTM-CRF-NER,ner,"text,","BERT, BiLSTM, CRF"
https://github.com/idealo/image-super-resolution,super-resolution,"image, ","vgg, GAN, residual, RDN, PSNR, RRDN"
https://github.com/tensorflow/ranking,recommender_systems,table,"MRR, NDCG"
https://github.com/pymc-devs/pymc3,unknown,unknown,
https://github.com/scikit-multilearn/scikit-multilearn,classification,unknown,"SVM,"
https://github.com/lazyprogrammer/machine_learning_examples,"reinforcement_learning, nlp, recommender_systems","text, image","CNN, RNN, LSTM, HMM, GMM, GRU,"
https://github.com/rasbt/mlxtend,unknown,unknown,","
https://github.com/saimadhu-polamuri/DataAspirant_codes,unknown,unknown,","
https://github.com/donnemartin/data-science-ipython-notebooks,unknown,unknown,","
https://github.com/jeongyoonlee/Kaggler,unknown,unknown,","
https://github.com/keras-team/keras,unknown,unknown,","
https://github.com/satojkovic/DeepLogo,object_detection,image,"SSD,"
https://github.com/darksigma/Fundamentals-of-Deep-Learning-Book,unknown,unknown,","
https://github.com/Sentimentron/Dracula,speech_recognition,"text, GATE's TweetIE Evaluation Set","LSTM,"
https://github.com/albertbup/deep-belief-network,"regression, unsupervised_feature_learning",unknown,"RBM,"
https://github.com/maxpumperla/elephas,unknown,unknown,","
https://github.com/anayebi/keras-extra,unknown,unknown,"CNN, RNN,"
https://github.com/blackecho/Deep-Learning-TensorFlow,unknown,unknown,","
https://github.com/itdxer/neupy,unknown,unknown,","
https://github.com/geometalab/OSMDeepOD,object_detection,"image, ","inception,"
https://github.com/deepchem/deepchem,other,"chem,",","
https://github.com/stanfordnlp/spinn,other,unknown,"RNN,"
https://github.com/dementrock/tensorfuse,unknown,unknown,","
https://github.com/stanfordnlp/stanza,"text_analysis, text_processing","text, ",","
https://github.com/google/prettytensor,unknown,unknown,"inception,"
https://github.com/farizrahman4u/seq2seq,machine_translation,text,"RNN, LSTM, seq2seq,"
https://github.com/ethereon/caffe-tensorflow,unknown,"image, ILSVRC2012","GoogLeNet, ResNet,"
https://github.com/ry/tensorflow-vgg16,image_classification,image,"vgg,"
https://github.com/tokestermw/tensorflow-shakespeare,machine_translation,"text, ",","
https://github.com/tensorflow/skflow,unknown,unknown,"ResNet,"
https://github.com/ilblackdragon/tf_examples,unknown,unknown,","
https://github.com/anishathalye/neural-style,image_generation,image,"vgg,"
https://github.com/jorditorresBCN/LibroTensorFlow,unknown,unknown,","
https://github.com/HamedMP/ImageFlow,unknown,unknown,","
https://github.com/woodrush/neural-art-tf,image_generation,image,"CNN, vgg,"
https://github.com/dennybritz/cnn-text-classification-tf,text_classification,text,"CNN,"
https://github.com/jasonbaldridge/try-tf,unknown,unknown,","
https://github.com/sherjilozair/char-rnn-tensorflow,nlp,text,"RNN, LSTM,"
https://github.com/rinuboney/ladder,"supervised_learning, unsupervised_learning",unknown,","
https://github.com/domluna/memn2n,nlp,"text, Facebook bAbI","End-to-End,"
https://github.com/pannous/tensorflow-speech-recognition,speech_recognition,"audio, video","seq2seq,"
https://github.com/allenai/deep_qa,question_answering,"text, SQuAD, Facebook bAbI, Facebook Children's dataset, AI2 Elementary school science questions, The NewsQA dataset, The Who Did What dataset","CNN,"
https://github.com/hardmaru/write-rnn-tensorflow,object_detection,"image, IAM-OnDB","RNN, LSTM, GRU,"
https://github.com/calvinschmdt/EasyTensorflow,"classification, regression, prediction","text, ",","
https://github.com/cmgreen210/TensorFlowDeepAutoencoder,image_classification,MNIST,"DAE, SAE"
https://github.com/ry/tensorflow-resnet,image_classification,"image, audio, ImageNet, CIFAR-10, CIFAR-100","ResNet, "
https://github.com/hadyelsahar/CNN-RelationExtraction,feature_extraction,"image, MNIST","CNN,"
https://github.com/ikostrikov/TensorFlow-VAE-GAN-DRAW,image_generation,image,"VAE, DRAW, DCGAN, GAN"
https://github.com/tensorpack/tensorpack,"object_detection, speech_recognition","image, MNIST, COCO, ImageNet, Mozilla Common Voice, Google Audioset","CNN, ResNet, GAN, LSTM, DNQ, CTC"
https://github.com/hardmaru/sketch-rnn,image_generation,"image, KanjiVG, TU Berlin Sketch Database","RNN, LSTM, GRU,"
https://github.com/eliben/deep-learning-samples,unknown,unknown,","
https://github.com/adatao/tensorspark,unknown,unknown,","
https://github.com/Vict0rSch/deep_learning,unknown,unknown,","
https://github.com/ikostrikov/TensorFlow-Pointer-Networks,unknown,unknown,","
https://github.com/tencia/stocks_rnn,prediction,sequential data,"RNN, LSTM,"
https://github.com/GPflow/GPflow,unknown,unknown,","
https://github.com/yoavz/music_rnn,music,MIDI,"RNN, "
https://github.com/tensorflow/models,unknown,unknown,","
https://github.com/tensorprob/tensorprob,unknown,unknown,","
https://github.com/carpedm20/visual-analogy-tensorflow,analogy_making,image,"End-to-End,"
https://github.com/davidsandberg/facenet,object_detection,"image, CASIA-WebFace, VGGFace2","CNN, MTCNN, Inception, ResNet"
https://github.com/ScottfreeLLC/AlphaPy,unknown,unknown,","
https://github.com/trailbehind/DeepOSM,object_detection,"image, OSM","CNN,"
https://github.com/niektemme/tensorflow-mnist-predict,object_recognition,"image, MNIST",","
https://github.com/sthomp/tensorflow_transfer_cifar10,image_classification,"image, CIFAR-10","CNN,"
https://github.com/ericjang/draw,image_generation,"image, MNIST","RNN, "
https://github.com/yhlleo/tensorflow.cifar10,object_recognition,"image, CIFAR-10",","
https://github.com/shekkizh/TensorflowProjects,"image_classification, object_recognition, object_detection, unsupervised_learning","image, MNIST, Flowers, CelebA","vgg, GAN,"
https://github.com/vrenkens/tfkaldi,speech_recognition,audio,"Kaldi, GMM"
https://github.com/isseu/emotion-recognition-neural-networks,object_recognition,"image, FER-2013 Faces Database","CNN, AlexNet,"
https://github.com/riga/tfdeploy,unknown,unknown,","
https://github.com/mpatacchiola/deepgaze,"object_detection, objectz-tracking","image, text, Youtube","CNN, DNN,"
https://github.com/indiejoseph/cnn-text-classification-tf-chinese,text_classification,text,"CNN,"
https://github.com/gliese581gg/DQN_tensorflow,reinforcement learning,unknown,"DNQ,"
https://github.com/carpedm20/variational-text-tensorflow,text_processing,text,"LSTM, NVDM, NASM"
https://github.com/nicholastoddsmith/pythonml,object_recognition,image,"CNN, MLP, TFANN, "
https://github.com/rajarsheem/libsdae-autoencoder-tensorflow,feature_extraction,MNIST,","
https://github.com/philipxjm/Deep-Convolution-Stock-Technical-Analysis,prediction,sequential data,"CNN, "
https://github.com/shyamupa/snli-entailment,nlp,"text, SNLI",","
https://github.com/hardmaru/cppn-tensorflow,image_generation,"image, ","CPPN,"
https://github.com/daviddao/spatial-transformer-tensorflow,image_classification,"image, MNIST","STN,"
https://github.com/tflearn/tflearn,unknown,unknown,","
https://github.com/songgc/TF-recomm,recommender_systems,"table, MovieLens","SVD,"
https://github.com/JamesChuanggg/VQA-tensorflow,question_answering,"image, VQA, COCO","CNN, LSTM,"
https://github.com/coreylynch/async-rl,reinforcement learning,unknown,","
https://github.com/stanfordmlgroup/nlc,nlc,text,","
https://github.com/jacoxu/encoder_decoder,encoder_decoder,text,"seq2seq,"
https://github.com/douban/tfmesos,image_classification,"image, MNIST, Google Audioset",","
https://github.com/pavelgonchar/colornet,image_generation,image,","
https://github.com/y0ast/VAE-TensorFlow,image_classification,"image, MNIST","VAE,"
https://github.com/harpribot/deep-summarization,text_summarization,"text, Amazon Review","RNN, LSTM, GRU, seq2seq,"
https://github.com/danielegrattarola/twitter-sentiment-cnn,sentiment_analysis,text,"CNN,"
https://github.com/MarvinTeichmann/KittiSeg,image_segmentation,"image, Kitti","FCN,"
https://github.com/machine-learning-projects/machine-learning-recipes,unknown,unknown,","
https://github.com/inikdom/neural-chatbot,text_classification,"text, Cornell Movie Dialogues Corpur ","seq2seq,"
https://github.com/FuZer/StudyTensorFlow,unknown,unknown,","
https://github.com/dpressel/baseline,nlp,"image, text",","
https://github.com/cmusphinx/g2p-seq2seq,nlp,"text, CMU English dictionary","seq2seq, G2P"
https://github.com/EdinburghNLP/nematus,"machine_translation, sequence_to_sequence","text,","RNN,"
https://github.com/OlavHN/fast-neural-style,image_generation,"image, COCO","vgg,"
https://github.com/hunkim/word-rnn-tensorflow,nlp,"text,","RNN, LSTM,"
https://github.com/matthewearl/deep-anpr,object_recognition,image,"ANPR,"
https://github.com/ahangchen/GDLnotes,unknown,unknown,","
https://github.com/llSourcell/AI_Composer,music,"MIDI, ","RNN, LSTM,"
https://github.com/ofirnachum/sequence_gan,prediction,sequential data,"GAN, RNN,"
https://github.com/garion9013/impl-pruning-TF,image_classification,"image, MNIST","CNN,"
https://github.com/floodsung/DDPG,reinforcement learning,unknown,"DDPG,"
https://github.com/devsisters/DQN-tensorflow,reinforcement learning,unknown,","
https://github.com/osh/kerlym,reinforcement learning,unknown,","
https://github.com/jorditorresBCN/FirstContactWithTensorFlow,unknown,unknown,","
https://github.com/lazyprogrammer/facial-expression-recognition,object_recognition,"image, ",","
https://github.com/MarvinTeichmann/tensorflow-fcn,semantic_segmentation,"text,","FCN, vgg"
https://github.com/tokb23/dqn,object_detection,"image, ",","
https://github.com/Cloud-CV/Fabrik,unknown,unknown,","
https://github.com/tensorflowkorea/tensorflow-kr,unknown,unknown,","
https://github.com/cgarciae/tensorbuilder,unknown,unknown,","
https://github.com/mosessoh/CNN-LSTM-Caption-Generator,image_generation,"image, COCO","CNN, LSTM,"
https://github.com/kundajelab/dragonn,prediction,DNA,"DragoNN,"
https://github.com/kundajelab/dragonn,image_classification,image,","
https://github.com/white127/QA-deep-learning,question_answering,"image, Quora, Insurance-QA","CNN, RNN, SWEM,"
https://github.com/xeneta/LeadQualifier,prediction,"text,","SGD,"
https://github.com/tensorlayer/tensorlayer,unknown,unknown,","
https://github.com/kvfrans/feature-visualization,image_classification,Cifar-10,","
https://github.com/therne/dmn-tensorflow,question_answering,"text, Facebook bAbI, GloVe word embedding","DMN,"
https://github.com/carpedm20/deep-rl-tensorflow,reinforcement learning,unknown,"DNQ, DDNQ"
https://github.com/ischlag/distributed-tensorflow-example,unknown,unknown,","
https://github.com/rwth-i6/returnn,unknown,unknown,"LSTM, CTC,"
https://github.com/ufal/neuralmonkey,"nlp, sequence_to_sequence","text, ",","
https://github.com/tscohen/GrouPy,unknown,image,","
https://github.com/DeNeutoy/act-tensorflow,unknown,unknown,","
https://github.com/wookayin/tensorflow-talk-debugging,unknown,unknown,","
https://github.com/cchio/deep-pwning,unknown,unknown,"CNN, SVM, DNN,"
https://github.com/sapruash/RecursiveNN,unknown,unknown,"LSTM,"
https://github.com/snf/keras-fractalnet,image_classification,"image, CIFAR-10","residual, FractalNet, UDNN"
https://github.com/titu1994/Image-Super-Resolution,super-resolution,image,"CNN, ResNet, residual, ESR, DAE, SRCNN, ESPCNN, DDSRCNN"
https://github.com/chuyangliu/snake,reinforcement learning,unknown,","
https://github.com/wiseodd/hipsternet,unknown,unknown,"CNN, RNN, LSTM, GRU,"
https://github.com/tobegit3hub/tensorflow_examples,unknown,unknown,","
https://github.com/siyuanzhao/key-value-memory-networks,question_answering,"image, Facebook bAbI","MN,"
https://github.com/keras-rl/keras-rl,reinforcement learning,unknown,","
https://github.com/HadoopIt/rnn-nlu,text_classification,"text,","RNN, LSTM, seq2seq,"
https://github.com/jisaacso/DeepHeart,image_classification,"image, PCG ","CNN,"
https://github.com/carpedm20/NAF-tensorflow,reinforcement learning,unknown,","
https://github.com/Conchylicultor/DeepQA,question_answering,"Cornell Movie Dialogues Corpur, OpenSubtitles, Supreme Court Conversation Data, Ubuntu Dialogue Corpus","RNN, LSTM, seq2seq,"
https://github.com/OlavHN/bnlstm,nlp,"text,","LSTM,"
https://github.com/PacktPublishing/Getting-Started-with-TensorFlow,unknown,unknown,","
https://github.com/ronghanghu/tensorflow_compact_bilinear_pooling,unknown,unknown,","
https://github.com/yanpanlau/Keras-FlappyBird,reinforcement learning,unknown,"DNQ,"
https://github.com/tobegit3hub/tensorflow_template_application,unknown,unknown,"CNN, LSTM, DNN, GRU,"
https://github.com/thu-ml/zhusuan,unknown,unknown,"VAE,"
https://github.com/mlachmish/MusicGenreClassification,music,"GTZAN, MSD","CNN, MFCC"
https://github.com/LunaBlack/RNN-Classification,text_classification,text,"LSTM, GRU, Bi-LSTM"
https://github.com/lengstrom/fast-style-transfer,image_generation,"image, video,",","
https://github.com/yao62995/A3C,unknown,unknown,","
https://github.com/cerndb/dist-keras,unknown,unknown,","
https://github.com/pbhatia243/Neural_Conversation_Models,sequence_to_sequence,text,"seq2seq,"
https://github.com/pbhatia243/tf-layer-norm,image_classification,"text, MNIST","LSTM, GRU, HN"
https://github.com/DrewNF/Tensorflow_Object_Tracking_Video,object_tracking,"image, ImageNet","inception, YOLO, End-to-End,"
https://github.com/ywpkwon/siamese_tf_mnist,image_classification,"image, MNIST","Siamese Network,"
https://github.com/DJTobias/Cherry-Autonomous-Racecar,unknown,unknown,","
https://github.com/keunwoochoi/music-auto_tagging-keras,music,audio,"CNN, "
https://github.com/iwyoo/LSTM-autoencoder,unknown,unknown,"LSTM,"
https://github.com/ClimbsRocks/auto_ml,feature_extraction,image,","
https://github.com/bamos/dcgan-completion.tensorflow,image_generation,image,"DCGAN,"
https://github.com/paarthneekhara/neural-vqa-tensorflow,question_answering,"text, image, VQA, COCO","LSTM, VIS"
https://github.com/kengz/openai_lab,reinforcement learning,unknown,"DQN, DDPG"
https://github.com/MarvinTeichmann/KittiBox,object_detection,"Kitti,","vgg, ResNet, faster-rcnn,"
https://github.com/jakeret/tf_unet,image_segmentation,image,","
https://github.com/dyelax/Adversarial_Video_Generation,prediction,"game, video, Ms. Pac-Man","GAN,"
https://github.com/dlaptev/TI-pooling,object_recognition,"image, MNIST","CNN,"
https://github.com/thtrieu/darkflow,object_detection,"pascal VOC, COCO","YOLO,"
https://github.com/ycszen/TensorFlowLaboratory,unknown,unknown,","
https://github.com/aizvorski/vgg-benchmarks,unknown,unknown,"vgg,"
https://github.com/llSourcell/tensorflow_demo,object_recognition,"image,  MNIST, ",","
https://github.com/yscbm/tensorflow,image_classification,"MNIST, Cifar-10","Lenet, CNN"
https://github.com/tonybeltramelli/Deep-Lyrics,nlp,text,"LSTM, RNN"
https://github.com/eBay/Sequence-Semantic-Embedding,"nlp, question_answering, text_classification","text, COCO","LSTM, seq2seq, DNN, CNN, SSE"
https://github.com/barronalex/Dynamic-Memory-Networks-in-TensorFlow,question_answering,Facebook bAbI,"DMN,"
https://github.com/yeephycho/tensorflow_input_image_by_tfrecord,image_classification,"image, MNIST, ImageNet, food101","CNN, DenseNet,"
https://github.com/anttttti/Wordbatch,unknown,unknown,","
https://github.com/tdrussell/IllustrationGAN,object_detection,"image, ","DCGAN,"
https://github.com/dhwajraj/deep-text-classifier-mtl,text_classification,"text, ","CNN,"
https://github.com/kuza55/keras-extras,unknown,unknown,","
https://github.com/HadoopIt/joint-slu-lm,nlp,"text,","RNN,"
https://github.com/fabianbormann/Tensorflow-DeconvNet-Segmentation,semantic_segmentation,"text,","Deconvolution Network,"
https://github.com/buriburisuri/sugartensor,unknown,unknown,"residual,"
https://github.com/smallcorgi/Faster-RCNN_TF,object_detection,"pascal VOC,","rcnn, faster-rcnn, "
https://github.com/YerevaNN/mimic3-benchmarks,prediction,"table, MIMIC-III clinical",
https://github.com/tdeboissiere/DeepLearningImplementations,unknown,unknown,","
https://github.com/basveeling/wavenet,speech_recognition,"audio, VCTK","WaveNet,"
https://github.com/ibab/tensorflow-wavenet,speech_recognition,"audio, VCTK","WaveNet,"
https://github.com/camrongodbout/TensorFlow-in-a-Nutshell,unknown,unknown,","
https://github.com/locuslab/icnn,reinforcement learning,unknown,"ICNN,"
https://github.com/bogatyy/cs224d,unknown,unknown,","
https://github.com/Atomu2014/product-nets,question_answering,"text, iPinYou","DNN,"
https://github.com/dyelax/encore.ai,music,"audio,","LSTM,"
https://github.com/kopopt/fast_tffm,prediction,table,DFM
https://github.com/cangermueller/deepcpg,prediction,DNA,","
https://github.com/tkuanlun350/Tensorflow-SegNet,image_segmentation,CamVid,"SegNet,"
https://github.com/Jongchan/tensorflow-vdsr,super-resolution,image,"CNN,"
https://github.com/farizrahman4u/recurrentshop,other,text,RNN
https://github.com/Coder-Yu/RecQ,recommender_systems,FilmTrust,","
https://github.com/GoogleCloudPlatform/cloudml-samples,unknown,unknown,","
https://github.com/DeepRNN/image_captioning,image_captioning,"image, COCO","CNN, VGG, ResNet"
https://github.com/karpathy/tf-agent,unknown,unknown,","
https://github.com/titu1994/Keras-Classification-Models,classification,"text, image, ImageNet, CIFAR-10","inception, ResNet, DenseNet, residual, RNN, LSTM, End-to-End,"
https://github.com/SullyChen/Autopilot-TensorFlow,object_detection,image,"End-to-End,"
https://github.com/changun/CollMetric,unknown,unknown,","
https://github.com/LaurentMazare/deep-models,unknown,Cifar10,"DenseNet, ResNet"
https://github.com/timediv/speechT,speech_recognition,LibriSpeech,KenLM
https://github.com/jzilly/RecurrentHighwayNetworks,text_prediction,wikipedia,RHN
https://github.com/zsdonghao/Image-Captioning,image_captioning,COCO,inception
https://github.com/qhduan/Seq2Seq_Chatbot_QA,sequence_to_sequence,text,
https://github.com/yanpanlau/DDPG-Keras-Torcs,reinforcement learning,"game, TORCS",","
https://github.com/Arsey/keras-transfer-learning-for-oxford102,image_classification,flower,"vgg, inception, resnet"
https://github.com/titu1994/Super-Resolution-using-Generative-Adversarial-Networks,super-resolution,"image, COCO",SRGAN
https://github.com/dmlc/tvm,unknown,unknown,
https://github.com/vonclites/squeezenet,unknown,unknown,","
https://github.com/junrushao1994/fast-neural-style.tf,image_generation,image,","
https://github.com/surmenok/TextSum,text_summarization,text,","
https://github.com/cameronfabbri/Colorful-Image-Colorization,image_generation,image,","
https://github.com/rcmalli/keras-vggface,feature_extraction,image,"VGG,"
https://github.com/igormq/asr-study,speech_recognition,"CSLU Spoltech, sid, VoxForge, LapsBM1.4, BRSD","LSTM, CTC, "
https://github.com/CharlesShang/TFFRCNN,object_detection,"pascal VOC, Kitti","ResNet, rcnn, End-to-End, Faster R-CNN"
https://github.com/aurora95/Keras-FCN,semantic_segmentation,"pascal VOC, COCO","ResNet, FCN,"
https://github.com/galeone/dynamic-training-bench,image_classification,Cifar10,"vgg, "
https://github.com/phreeza/tensorflow-vrnn,unknown,unknown,"vrnn,"
https://github.com/jacobgil/keras-grad-cam,object_detection,image,"vgg,"
https://github.com/udacity/CarND-Alexnet-Feature-Extraction,feature_extraction,image,"AlexNet,"
https://github.com/ray-project/ray,unknown,unknown,","
https://github.com/rockingdingo/deepnlp,nlp,"text, ",
https://github.com/TeamHG-Memex/tensorboard_logger,unknown,unknown,","
https://github.com/jiegzhan/multi-class-text-classification-cnn-rnn,text_classification,text,"CNN, RNN, LSTM, GRU,"
https://github.com/jparkhill/TensorMol,prediction,"chem,",
https://github.com/jxwufan/AssociativeRetrieval,nlp,text,"LSTM,"
https://github.com/jiegzhan/multi-class-text-classification-cnn,text_classification,text,"CNN,"
https://github.com/Ning-Ding/Implementation-CVPR2015-CNN-for-ReID,object_detection,image,"CUHK-03,"
https://github.com/OlavHN/attention-over-attention,reading comprehension,cnn news,attention-over-attention NN
https://github.com/pannous/tensorflow-ocr,character Recognition,MNIST,","
https://github.com/chiphuyen/stanford-tensorflow-tutorials,unknown,unknown,","
https://github.com/atpaino/deep-text-corrector,text_correcting,Cornell Movie Dialogues Corpur,"seq2seq,"
https://github.com/titu1994/DenseNet,image_classification,"CIFAR10, CIFAR100",DenseNet
https://github.com/burness/tensorflow-101,"character Recognition, image_generation","image, text, MNIST","CNN, GAN,"
https://github.com/dpressel/rude-carnie,object_detection,image,"openCV, YOLO,"
https://github.com/tkipf/gcn,classification,matrix,"GCN,"
https://github.com/raghakot/keras-vis,visualization,"ImageNet,",","
https://github.com/Chung-I/Variational-Recurrent-Autoencoder-Tensorflow,text_generation,text,"rnn,"
https://github.com/zzw922cn/Automatic_Speech_Recognition,speech_recognition,LibriSpeech,"CNN, residual, RNN, LSTM, CTC, End-to-End, GRU, seq2seq, DRN"
https://github.com/ankeshanand/neural-cryptography-tensorflow,unknown,unknown,","
https://github.com/deepgram/kur,"speech_recognition, image_classification","image, MNIST, CIFAR10","CNN,"
https://github.com/dhwajraj/deep-siamese-text-similarity,nlp,SNLI, LSTM
https://github.com/anantzoid/Conditional-PixelCNN-decoder,image_generation,"MNIST, CIFAR10",PixcelCNN
https://github.com/jimfleming/recurrent-entity-networks,ner,"text, Facebook bAbI","REN,"
https://github.com/ckmarkoh/GAN-tensorflow,image_generation,image,"GAN,"
https://github.com/lvapeab/nmt-keras,machine_translation,text,NMT
https://github.com/yenchenlin/pix2pix-tensorflow,image_generation,CMP Facades,"DCGAN,"
https://github.com/guillaume-chevalier/HAR-stacked-residual-bidir-LSTMs,object_recognition,"HAR, Opportunity","BiLSTM,"
https://github.com/kentsommer/tensorflow-posenet,object_localization,"image, Cambridge Landmarks King's College","PoseNet,"
https://github.com/leido/char-rnn-cn,text_generation,text,Char-rnn
https://github.com/andrewliao11/CoGAN-tensorflow,image_generation,"image, MNIST","GAN,"
https://github.com/marshmelloX/dynamic-coattention-network,question_answering,SQuAD,"DCN,"
https://github.com/DrSleep/tensorflow-deeplab-lfov,semantic_segmentation,pascal VOC,"VGG,"
https://github.com/hahnyuan/nn_tools,unknown,unknown,
https://github.com/llSourcell/tensorflow_chatbot,sequence_to_sequence,Cornell Movie Dialogues Corpur,"seq2seq,"
https://github.com/tobegit3hub/deep_image_model,cv,image,"CNN, RNN, LSTM,"
https://github.com/TensorLab/tensorfx,unknown,unknown,","
https://github.com/openai/weightnorm,cv,CIFAR10,PixcelCNN
https://github.com/hengluchang/deep-news-summarization,text_summarization,text,"LSTM, seq2seq,"
https://github.com/ssampang/im2latex,image_generation,image,"LSTM,"
https://github.com/deepmind/learning-to-learn,unknown,unknown,","
https://github.com/bnpy/bnpy,unknown,unknown,"DAE,"
https://github.com/philipperemy/tensorflow-phased-lstm,unknown,"text, MNIST","LSTM,"
https://github.com/wiseodd/generative-models,unknown,unknown,"GAN, VAE, RBM,"
https://github.com/BichenWuUCB/squeezeDet,object_detection,Kitti,"CNN,"
https://github.com/vrenkens/nabu,unknown,unknown,"Kaldi, End-to-End,"
https://github.com/llSourcell/tensorflow_speech_recognition_demo,speech_recognition,audio,
https://github.com/icoxfog417/tensorflow_qrnn,nlp,text,QRNN
https://github.com/keon/deepstock,prediction,sequence data,","
https://github.com/vanhooser/TF-Genetic,unknown,unknown,","
https://github.com/zhangqianhui/Conditional-GAN,image_generation,"image, MNIST","DCGAN,"
https://github.com/keunwoochoi/kapre,audio_perprocess,audio,
https://github.com/bstriner/keras-adversarial,image_generation,"image, MNIST","GAN, BiGAN, AAE"
https://github.com/hzy46/fast-neural-style-tensorflow,super-resolution,COCO,VGG
https://github.com/alfredfrancis/ai-chatbot-framework,sequence_to_sequence,text,","
https://github.com/warmspringwinds/tf-image-segmentation,image_segmentation,pascal VOC,FCN
https://github.com/albertaparicio/tfg-voice-conversion,speech_recognition,audio,
https://github.com/marekrei/sequence-labeler,nlp,text,"LSTM, Bi-LSTM,"
https://github.com/golbin/TensorFlow-ML-Exercises,unknown,unknown,"CNN, RNN,"
https://github.com/shawnxu1318/Google-Neural-Machine-Translation-GNMT,machine_translation,text,GNMT
https://github.com/harvitronix/continuous-online-video-classification-blog,image_classification,video,"CNN, inception, RNN, LSTM,"
https://github.com/polyaxon/polyaxon,unknown,unknown,","
https://github.com/iamaaditya/image-compression-cnn,image_compression,image,"CNN, vgg"
https://github.com/carpedm20/simulated-unsupervised-tensorflow,image_generation,image,","
https://github.com/ShafeenTejani/fast-style-transfer,image_generation,"image, COCO","vgg,"
https://github.com/DingKe/nn_playground,unknown,unknown,"GAN, VAE, GCNN, QRNN, WGAN, LSGAN, GLSGAN"
https://github.com/kevinhughes27/TensorKart,object_tracking,video,","
https://github.com/kevinjliang/tf-Faster-RCNN,object_detection,MNIST,faster-rcnn
https://github.com/yunjey/domain-transfer-network,image_generation,"image, MNIST","DTN,"
https://github.com/zhongwen/predictron,unknown,unknown,"End-to-End,"
https://github.com/DrSleep/tensorflow-deeplab-resnet,semantic_segmentation,pascal VOC,"ResNet,"
https://github.com/Kyubyong/neural_japanese_transliterator,machine_translation,text,"seq2seq,"
https://github.com/ayush1997/Xvision,image_classification,Xray,
https://github.com/floydhub/dockerfiles,nlp,text,","
https://github.com/csxeba/brainforge,unknown,unknown,
https://github.com/pender/chatbot-rnn,sequence_to_sequence,text,","
https://github.com/matroid/dlwithtf,unknown,unknown,","
https://github.com/PetroWu/AutoPortraitMatting,image_segmentation,image,"vgg, FCN"
https://github.com/roatienza/Deep-Learning-Experiments,unknown,"image, text, MNIST","CNN, ResNet, DenseNet, GAN, VAE, LSTM, GRU,"
https://github.com/TensorMSA/tensormsa,unknown,unknown,","
https://github.com/hmishra2250/NTM-One-Shot-TF,one-shot_learning,Omniglot,"MANN,"
https://github.com/Ankush96/grad-cam.tensorflow,visualization,"ImageNet,","vgg,"
https://github.com/getnamo/tensorflow-ue4-examples,unknown,unknown,"CNN,"
https://github.com/naokishibuya/car-behavioral-cloning,object_tracking,video,"End-to-End,"
https://github.com/calclavia/DeepJ,music,audio,LSTM
https://github.com/devsisters/pointer-network-tensorflow,unknown,unknown,Pointer Network
https://github.com/AKSHAYUBHAT/DeepVideoAnalytics,object_detection,image,","
https://github.com/DeepVisionTeam/TensorFlowBook,unknown,unknown,
https://github.com/dontfollowmeimcrazy/imagenet,image_classification,"image, ImageNet","AlexNet,"
https://github.com/tensorflow/fold,unknown,unknown,","
https://github.com/tensorlang/tensorlang,unknown,unknown,"End-to-End,"
https://github.com/kentsommer/keras-inceptionV4,implementation,"image, ",inception
https://github.com/Bihaqo/t3f,unknown,unknown,
https://github.com/yahoo/TensorFlowOnSpark,unknown,unknown,","
https://github.com/ematvey/hierarchical-attention-networks,text_classification,Yelp,"HAN,"
https://github.com/PacktPublishing/Artificial-Intelligence-with-Python,unknown,unknown,","
https://github.com/georgesung/ssd_tensorflow_traffic_sign_detection,object_detection,pascal VOC,
https://github.com/endernewton/tf-faster-rcnn,object_detection,"pascal VOC, COCO","ResNet, rcnn, vgg, mobilenet"
https://github.com/yrlu/reinforcement_learning,reinforcement learning,openai-gym,","
https://github.com/keras-team/keras-contrib,unknown,unknown,
https://github.com/hclhkbu/dlbench,unknown,unknown,","
https://github.com/shanren7/real_time_face_recognition,object_detection,"image,video","MTCNN,"
https://github.com/asanakoy/deeppose_tf,object_detection,"LSP, MPII Human Pose","AlexNet,"
https://github.com/zjy-ucas/ChineseNER,ner,text,"LSTM, End-to-End,"
https://github.com/jiamings/wgan,implementation,MNIST,"GAN,"
https://github.com/azavea/raster-vision,"object_detection, semantic_segmentation, image_classification",image,","
https://github.com/kvfrans/deepcolor,image_generation,image,
https://github.com/suriyadeepan/rnn-from-scratch,nlp,text,"RNN, LSTM, GRU,"
https://github.com/keon/deep-q-learning,reinforcement learning,openai-gym,","
https://github.com/tperol/ConvNetQuake,prediction,table,","
https://github.com/data61/aboleth,unknown,unknown,","
https://github.com/oarriaga/face_classification,"object_detection, image_classification","fer2013, IMDB gender","CNN,"
https://github.com/joeddav/devol,classification,MNIST,","
https://github.com/mjdietzx/GAN-Sandbox,implementation,unknown,"GAN,"
https://github.com/shekkizh/WassersteinGAN.tensorflow,implementation,image,"GAN,"
https://github.com/chainer/chainercv,"image_classification, object_detection, semantic_segmentation, instance_segmentation","image, ","faster-RCNN, YOLO, SSD,"
https://github.com/PacktPublishing/TensorFlow-Machine-Learning-Cookbook,unknown,unknown,"CNN, RNN,"
https://github.com/allanzelener/YAD2K,object_detection,image,"YOLO,"
https://github.com/martin-gorner/tensorflow-rnn-shakespeare,implementation,unknown,"RNN,"
https://github.com/deeperic/SpikeFlow,character Recognition,"image, ",","
https://github.com/visipedia/tf_classification,image_classification,image,"inception, ResNet, MobileNet"
https://github.com/mckinziebrandon/DeepChatModels,sequence_to_sequence,"Cornell Movie Dialogues Corpur, Reddit, Ubantu Dialogue Corpus",
https://github.com/tryolabs/luminoth,object_detection,image,"SSD, Faster-RCNN"
https://github.com/hwalsuklee/tensorflow-fast-style-transfer,image_generation,COCO,"vgg,"
https://github.com/meereeum/lda2vec-tf,implementation,unknown,","
https://github.com/LouisScorpio/datamining,unknown,unknown,","
https://github.com/JihongJu/keras-fcn,implementation,pascal VOC,"FCN, vgg"
https://github.com/zizhaozhang/unet-tensorflow-keras,image_segmentation,image,","
https://github.com/oujago/NumpyDL,"text_classification, object_recognition",MNIST,"CNN, RNN, LSTM, GRU, seq2seq,"
https://github.com/apachecn/AiLearning,unknown,unknown,"CNN, HMM, Bi-LSTM,"
https://github.com/xdever/RFCN-tensorflow,object_detection,"COCO,","RFCN,"
https://github.com/thunlp/OpenNRE,ner,text,","
https://github.com/Yorko/mlcourse.ai,unknown,unknown,","
https://github.com/ilivans/tf-rnn-attention,"text_classification, sentiment_analysis",text,","
https://github.com/RandolphVI/Text-Pairs-Relation-Classification,text_classification,text,"TextCNN, TextRNN, FastText, LSTM, TextCRNN, TextANN, TextRCNN, TextHAN, TextSANN, TextABCNN"
https://github.com/PiSimo/PiCamNN,object_recognition,image,"YOLO,"
https://github.com/jfkirk/tensorrec,recommender_systems,unknown,","
https://github.com/jostmey/rwa,prediction,sequential data,"RNN, RWA,"
https://github.com/google/seq2seq,machine_translation,"text, ","seq2seq,"
https://github.com/skcript/tensorflow-resources,unknown,unknown,","
https://github.com/wangheda/youtube-8m,video_understanding,Youtube-8M,","
https://github.com/huangshiyu13/RPNplus,object_detection,"image, Precarious, Synthetic, MIKKI","RPN, vgg"
https://github.com/MateLabs/All-Conv-Keras,implementation,Cifar10,","
https://github.com/nl8590687/ASRT_SpeechRecognition,speech_recognition,"Thchs30, ST-CMDS","CNN, CTC, LSTM, GRU"
https://github.com/Franck-Dernoncourt/NeuroNER,ner,"text, CoNLL2003",","
https://github.com/santi-pdp/segan,speech_enhancement,audio,"GAN, DCGAN"
https://github.com/liuyuemaicha/Adversarial-Learning-for-Neural-Dialogue-Generation-in-Tensorflow,"reinforcement learning, dialogue_generation",text,
https://github.com/liuyuemaicha/Deep-Reinforcement-Learning-for-Dialogue-Generation-in-tensorflow,"reinforcement learning, dialogue_generation",text,
https://github.com/luyishisi/tensorflow,"character Recognition, text_classification, text_generation, object_detection","image, text","CNN, RNN"
https://github.com/jhetherly/EnglishSpeechUpsampler,super-resolution,"audio, TED","U-Net,"
https://github.com/yunjey/pytorch-tutorial,unknown,unknown,
https://github.com/ruiminshen/yolo-tf,object_detection,"pascal VOC, COCO","YOLO,"
https://github.com/kuleshov/audio-super-res,super-resolution,vctk speech,","
https://github.com/bgavran/DNC,implementation,Facebook bAbI,DNC
https://github.com/analysiscenter/batchflow,unknown,unknown,
https://github.com/galsang/ABCNN,implementation,wikiQA,"BCNN, ABCNN"
https://github.com/lopuhin/kaggle-dstl,object_detection,image,"CNN, U-Net, vgg, SegNet, DenseNet"
https://github.com/jaesik817/pathnet,implementation,"MNIST, Cifar10, svhn",
https://github.com/reinforceio/tensorforce,reinforcement learning,Openai-gym,","
https://github.com/drscotthawley/panotti,audio_classification,IDMT-SMT-Audio-Effects,CNN
https://github.com/hwalsuklee/tensorflow-mnist-VAE,implementation,MNIST,"VAE,"
https://github.com/divamgupta/image-segmentation-keras,implementation,"image, MNIST","SegNet, FCN, U-Net, PSPNet"
https://github.com/JunshengFu/vehicle-detection,object_detection,video,"YOLO, SVM,"
https://github.com/InFoCusp/tf_cnnvis,visualization,image,CNN
https://github.com/voicy-ai/DialogStateTracking,dialogue_generation,Facebook bAbI,"End-to-End,"
https://github.com/carlini/nn_robust_attacks,robust_attacks,unknown,","
https://github.com/astorfi/TensorFlow-World,unknown,unknown,
https://github.com/CharlesShang/FastMaskRCNN,object_detection,"image, COCO","ResNet,"
https://github.com/wookayin/tensorflow-plot,visualization,image,
https://github.com/JiaxuanYou/crop_yield_prediction,prediction,image,","
https://github.com/baldassarreFe/deep-koalarization,image_generation,ImageNet,"Inception, ResNet"
https://github.com/deepmind/dnc,implementation,unknown,DNC
https://github.com/ilovin/lstm_ctc_ocr,character_recognition,image,"LSTM, CTC,"
https://github.com/kootenpv/neural_complete,other,text,"LSTM,"
https://github.com/pierluigiferrari/ssd_keras,object_detection,pascal VOC,"SSD,"
https://github.com/deepmind/sonnet,unknown,unknown,"GAN,"
https://github.com/FudanNLP/nlpcc2017_news_headline_categorization,text_classification,text,
https://github.com/timestocome/Test-stock-prediction-algorithms,prediction,sequential data,NASDAQ Evolved Network
https://github.com/artcg/BEGAN,implementation,CelebA,"GAN,"
https://github.com/duxingren14/DualGAN,image_translation,image,DualGAN
https://github.com/hardikbansal/CycleGAN,image_translation,horse2zebra,CycleGAN
https://github.com/vanhuyz/CycleGAN-TensorFlow,image_translation,apple2orange,CycleGAN
https://github.com/hjptriplebee/AlexNet_with_tensorflow,detailed_explanation,image,"AlexNet,"
https://github.com/takerum/vat_tf,semi-supervised_learning,"SVHN, CIFAR10",","
https://github.com/hjptriplebee/VGG19_with_tensorflow,detailed_explanation,image,VGG
https://github.com/pmsosa/CS291K,sentiment_analysis,text,"CNN, LSTM,"
https://github.com/una-dinosauria/human-motion-prediction,pose_estimation,human3.6m,RNN
https://github.com/xhujoy/CycleGAN-tensorflow,image_translation,"horse2zebra, ImageNet",CycleGAN
https://github.com/barronalex/Tacotron,implementation,CMU ARCTIC,"End-to-End, Tacotron,"
https://github.com/rcmalli/keras-mobilenet,implementation,unknown,MobileNet
https://github.com/Zehaos/MobileNet,"implementation, object_detection",ImageNet,MobileNet
https://github.com/hwalsuklee/tensorflow-mnist-CVAE,implementation,MNIST,"CVAE,"
https://github.com/PaddlePaddle/models,"image_classification, object_detection, semantic_segmentation, image_generation, object_localization, machine_translation, sentiment_analysis, reading_comprehension","text, image",
https://github.com/una-dinosauria/3d-pose-baseline,pose_estimation,human3.6m,
https://github.com/juliandewit/kaggle_ndsb2017,unknown,unknown,","
https://github.com/PacktPublishing/Deep-Learning-with-TensorFlow,unknown,unknown,","
https://github.com/DT42/BerryNet,unknown,unknown,
https://github.com/llSourcell/how_to_convert_text_to_images,image_generation,"text, image, CUB, ",StackGAN
https://github.com/mrlittlepig/ImageProcessing,data_preprocessing,MNIST,
https://github.com/13o-bbr-bbq/machine_learning_security,unknown,unknown,
https://github.com/DLTK/DLTK,cv,image,
https://github.com/marian-margeta/gait-recognition,pose_estimation,"MPII, LSP, human3.6m",GRU
https://github.com/seathiefwang/FaceRecognition-tensorflow,object_recognition,image,","
https://github.com/pucktada/cutkum,semantic_segmentation,BEST2010,"RNN, LSTM,"
https://github.com/sourcedexter/tfClassifier,classification,"text, image",","
https://github.com/solivr/tf-crnn,object_recognition,IAM,CRNN
https://github.com/llSourcell/How-to-Learn-from-Little-Data,image_classification,Omniglot,","
https://github.com/kwotsin/TensorFlow-Xception,implementation,image,Xception
https://github.com/MorvanZhou/Tensorflow-Tutorial,unknown,unknown,
https://github.com/tensorflow/tensorboard,visualization,unknown,","
https://github.com/Kyubyong/tacotron,speech_synthesis,"LJ Speech, ","End-to-End, Tacotron,"
https://github.com/liu-nlper/DocumentClassification,text_classification,text,"CNN,"
https://github.com/krystianity/keras-serving,unknown,unknown,
https://github.com/wenwei202/terngrad,unknown,"MNIST, ImageNet, CIFAR10, ","CNN, inception, AlexNet, SSD, LeNet,"
https://github.com/marvis/pytorch-caffe-darknet-convert,unknown,unknown,"YOLO,"
https://github.com/mondejar/ecg-classification,classification,"MIT-BIH, MIT-Arrythmia, Incart","SVM,"
https://github.com/ncoudray/DeepPATH,image_classification,image,
https://github.com/hirofumi0810/tensorflow_end2end_speech_recognition,speech_recognition,"TIMIT, LibriSpeech, CSJ","vgg, LSTM, CTC, GRU, BiLSTM, BGRU"
https://github.com/PeptoneInc/dspp-keras,prediction,dspp,
https://github.com/sanghoon/tf-exercise-gan,implementation,"MNIST, CelebA","GAN,"
https://github.com/AntreasAntoniou/MatchingNetworks,implementation,omniglot,","
https://github.com/Belval/CRNN,character_recognition,image,CRNN
https://github.com/ArunMichaelDsouza/tensorflow-image-detection,object_detection,image,"inception,"
https://github.com/kozistr/Awesome-GANs,implementation,"CelebA, DIV2K, MNIST, ImageNet, CIFAR10, pix2pix","GAN, ACGAN, BGAN, CycleGAN, FGAN, BigGAN, 3DGAN, AnoGAN, AdaGAN, DCGAN, DRAGAN, FGAN"
https://github.com/LopezGG/NN_NER_tensorFlow,sequence_labeling,text,"End-to-End, LSTM, CNN, CRF"
https://github.com/llSourcell/How-to-Deploy-a-Tensorflow-Model-in-Production,unknown,unknown,
https://github.com/JayParks/tf-seq2seq,"machine_translation, sequence_to_sequence,",text,"LSTM, seq2seq,"
https://github.com/brightmart/text_classification,text_classification,"text, ","TextCNN, rcnn, residual, RNN, FastText, BERT, BiLSTM, TextRNN, seq2seq, attention, HAN"
https://github.com/mdietrichstein/tensorflow-open_nsfw,implementation,Yahoo,NSFW
https://github.com/databricks/spark-deep-learning,unknown,unknown,
https://github.com/jiamings/cramer-gan,implementation,MNIST,"GAN,"
https://github.com/greatgeekgrace/Technical-Analysis-And-Practice-in-TensorFlow,unknown,unknown,","
https://github.com/weinman/cnn_lstm_ctc_ocr,character_recognition,image,"CNN, vgg, BiLSTM, CTC,"
https://github.com/wuzheng-sjtu/FastFPN,object_detection,image,","
https://github.com/renmengye/tensorflow-forward-ad,unknown,unknown,","
https://github.com/kwotsin/TensorFlow-ENet,semantic_segmentation,image,"ENet,"
https://github.com/llSourcell/how_to_deploy_a_keras_model_to_production,unknown,unknown,","
https://github.com/antoine77340/Youtube-8M-WILLOW,unknown,Youtube-8M,
https://github.com/maxim5/time-series-machine-learning,prediction,sequential data,
https://github.com/Leavingseason/OpenLearning4DeepRecsys,recommender_systems,text,
https://github.com/ne7ermore/torch-light,"reinforcement_learning, nlp, cv",unknown,"CNN, DenseNet, GAN, RNN, BERT, LSTM, seq2seq, BiLSTM,"
https://github.com/vudung45/FaceRec,object_recognition,video,"inception, ResNet, MTCNN,"
https://github.com/src-d/ml,unknown,unknown,","
https://github.com/titu1994/MobileNetworks,"image_classification, object_detection, object_recognition",ImageNet,MobileNet
https://github.com/jiny2001/dcscn-super-resolution,super-resolution,image,DCSCN
https://github.com/bshao001/ChatLearner,sequence_to_sequence,Papaya,"nmt, seq2seq,"
https://github.com/bethgelab/foolbox,adversarial_attacks,unknown,"FGSM, PGD, L-BFGS, JSMA, DDN"
https://github.com/Vetal1977/tf_serving_example,unknown,unknown,"GAN,"
https://github.com/tensorflow/tensor2tensor,"question_answering, machine_translation, image_classification, image_generation, sentiment_analysis, speech_recognition, text_summarization","text, image, audio, MNIST, ImageNet, CIFAR10, Facebook bAbI, IMDB, Mozilla Common Voice,  LibriSpeech, T2T, PTB, LM1B, coco, celebA",
https://github.com/hankcs/CS224n,"sentiment_analysis,ner",text,
https://github.com/Kyubyong/transformer,machine_translation,text,"attention, "
https://github.com/apcode/tensorflow_fasttext,text_classification,text,"FastText,"
https://github.com/gitlimlab/Relation-Network-Tensorflow,relational_reasoning,VQA,Relational Network
https://github.com/astorfi/3D-convolutional-speaker-recognition,speech_recognition,audio,"3D-CNN,"
https://github.com/datitran/object_detector_app,object_recognition,image,","
https://github.com/andreiapostoae/dota2-predictor,prediction,video,","
https://github.com/THUNLP-MT/THUMT,machine_translation,text,"RNN, seq2seq,"
https://github.com/tkipf/gae,implementation,matrix,GCN
https://github.com/dgurkaynak/tensorflow-cnn-finetune,image_classification,MARVEL,"inception, AlexNet, ResNet, vgg"
https://github.com/tobyyouup/conv_seq2seq,sequence_to_sequence,text,"seq2seq,"
https://github.com/andabi/music-source-separation,music_separation,audio,"RNN,"
https://github.com/habrman/FaceRecognition,object_recognition,image,"inception, ResNet,"
https://github.com/sony/nnabla,unknown,unknown,","
https://github.com/jaesik817/Interaction-networks_tensorflow,relational_reasoning,physics_engines,","
https://github.com/ankonzoid/artificio,cv,,","
https://github.com/MadryLab/mnist_challenge,adversarial_attacks,MNIST,","
https://github.com/tensorflow/nmt,machine_translation,text,"RNN, LSTM, GRU, seq2seq,"
https://github.com/Grzego/handwriting-generation,character_recognition,image,","
https://github.com/yscacaca/DeepSense,unknown,HHAR,","
https://github.com/MurtyShikhar/Question-Answering,question_answering,SQuAD,LSTM
https://github.com/jaesik817/visual-interaction-networks_tensorflow,relational_reasoning,physics_engines,
https://github.com/liu-nlper/NER-LSTM-CRF,ner,text,"Bi-LSTM, CRF"
https://github.com/snowkylin/ntm,implementation,omniglot,"NTM, LSTM, MANN"
https://github.com/keithito/tacotron,speech_synthesis,"LJ Speech, ",Tacotron
https://github.com/xwhan/DeepPath,reinforcement_learning,"graph, NELL-995 FB15k-237",","
https://github.com/imatge-upc/skiprnn-2017-telecombcn,implementation,unknown,"RNN,"
https://github.com/eriklindernoren/Keras-GAN,implementation,unknown,"GAN,"
https://github.com/idiap/importance-sampling,unknown,MNIST,
https://github.com/TarrySingh/Artificial-Intelligence-Deep-Learning-Machine-Learning-Tutorials,unknown,unknown,","
https://github.com/xionghc/Facial-Expression-Recognition,object_recognition,fer2013,","
https://github.com/ppplinday/tensorflow-vgg16-train-and-test,image_classification,image,vgg
https://github.com/OpenMined/PySyft,unknown,unknown,
https://github.com/arashno/tensorflow_multigpu_imagenet,image_classification,ImageNet,"vgg, AlexNet, GoogLeNet, ResNet, DenseNet, NIN,"
https://github.com/znxlwm/tensorflow-MNIST-GAN-DCGAN,implementation,MNIST,"GAN, DCGAN"
https://github.com/Zardinality/TF_Deformable_Net,object_detection,image,Faster-RCNN
https://github.com/SparkSharly/DL_for_xss,object_detection,image,"xss,"
https://github.com/emedvedev/attention-ocr,character_recognition,image,"CNN, LSTM,"
https://github.com/persistforever/cifar10-tensorflow,image_classification,cifar10,
https://github.com/flomlo/ntm_keras,implementation,unknown,
https://github.com/yuyang-huang/keras-inception-resnet-v2,implementation,ImageNet,"Inception, ResNet"
https://github.com/peterlee0127/tensorflow-nvJetson,unknown,unknown,","
https://github.com/Bartzi/stn-ocr,character_recognition,"SVHN, FSNS",
https://github.com/TracyMcgrady6/Distribute_MNIST,character_recognition,MNIST,","
https://github.com/sadeepj/crfasrnn_keras,semantic_segmentation,image,"CRF, RNN"
https://github.com/fendouai/FaceRank,object_recognition,image,"CNN,"
https://github.com/fregu856/segmentation,semantic_segmentation,video,"ENet,"
https://github.com/Joker316701882/Deep-Image-Matting,implementation,image,","
https://github.com/abhishekrana/DeepFashion,object_detection,DeepFashion,vgg
https://github.com/fendouai/ChatGirl,sequence_to_sequence,text,"seq2seq,"
https://github.com/hexiangnan/attentional_factorization_machine,recommender_systems,MovieLens,","
https://github.com/BIGBALLON/cifar-10-cnn,image_classification,CIFAR10,"CNN, DenseNet, residual, LeNet, vgg, SENet"
https://github.com/persistforever/yolo-tensorflow,object_detection,pascal VOC,YOLO
https://github.com/lpty/tensorflow_tutorial,unknown,unknown,","
https://github.com/ColeMurray/medium-facenet-tutorial,object_recognition,image,
https://github.com/minimaxir/textgenrnn,text_generation,text,"LSTM,"
https://github.com/taki0112/Densenet-Tensorflow,implementation,"cifar10, MNIST","DenseNet,"
https://github.com/fregu856/2D_detection,object_detection,Kitti,","
https://github.com/LynnHo/DCGAN-LSGAN-WGAN-WGAN-GP-Tensorflow,implementation,"Fashion-MNIST, CelebA","GAN, DRAGAN, DCGAN, LSGAN, WGAN"
https://github.com/Microsoft/MMdnn,object_detection,"image, MNIST, ImageNet","inception, AlexNet, ResNet, YOLO, SSD, RNN, DNN,"
https://github.com/chenyuntc/PyTorchText,instance_segmentation,image,"CNN, inception, rcnn, RNN, FastText, LSTM,"
https://github.com/michuanhaohao/keras_reid,text_classification,text,","
https://github.com/soravux/pytorch_tutorial,image_classification,"image, MNIST",","
https://github.com/hassony2/kinetics_i3d_pytorch,sentiment_analysis,"text, ImageNet",","
https://github.com/neubig/nn4nlp-code,object_localization,image,","
https://github.com/longcw/pytorch2caffe,image_classification,image,","
https://github.com/NifTK/NiftyNet,object_localization,"image, Google Audioset","CNN, GAN,"
https://github.com/onnx/onnx-caffe2,sentiment_analysis,"text, HD1K Benchmark Suite","End-to-End,"
https://github.com/tesserai/tfi,image_classification,"image, Google Audioset","inception,"
https://github.com/castorini/honk,speech_recognition,"audio, Youtube, Google Audioset","CNN, residual,"
https://github.com/taehoonlee/tensornets,object_detection,"image, OpenImages, HD1K Benchmark Suite, COCO, ImageNet, MS MARCO","inception, FCN, SSD,"
https://github.com/eridgd/WCT-TF,object_localization,"image, COCO, MS MARCO","vgg,"
https://github.com/huggingface/torchMoji,text_classification,"text, HD1K Benchmark Suite, Google Audioset",","
https://github.com/rusty1s/pytorch_geometric,object_detection,"image, HD1K Benchmark Suite, Mozilla Common Voice","CNN, End-to-End,"
https://github.com/Microsoft/samples-for-ai,object_recognition,"image, MNIST","DNN,"
https://github.com/starimeL/PytorchConverter,image_classification,image,"inception, DenseNet,"
https://github.com/r9y9/deepvoice3_pytorch,sentiment_analysis,"text, audio, Mozilla Common Voice","Kaldi, seq2seq,"
https://github.com/locuslab/convex_adversarial,image_classification,"image, MNIST, Fashion-MNIST","ResNet, residual,"
https://github.com/aws/sagemaker-python-sdk,sentiment_analysis,"text, Google Audioset","NTM,"
https://github.com/nerox8664/pytorch2keras,image_classification,image,"AlexNet,"
https://github.com/kuaikuaikim/DFace,object_detection,"image, text, Facebook bAbI","inception, ResNet, MTCNN, SVM,"
https://github.com/pytorch/ignite,text_classification,"text, MNIST, Fashion-MNIST, ImageNet","ResNet,"
https://github.com/GRAAL-Research/pytoune,sentiment_analysis,"text, Mozilla Common Voice",","
https://github.com/marvis/pytorch-caffe,image_classification,image,"AlexNet, GoogLeNet, ResNet, DenseNet,"
https://github.com/itayhubara/BinaryNet.pytorch,image_classification,image,"vgg, ResNet,"
https://github.com/yongxuUSTC/sednn,object_recognition,"image, audio","DNN,"
https://github.com/u39kun/deep-learning-benchmark,object_detection,"image, HD1K Benchmark Suite, Comma 2k19",","
https://github.com/soeaver/Pytorch_Mask_RCNN,object_detection,"image, COCO, MS MARCO","rcnn,"
https://github.com/neptune-ml/open-solution-data-science-bowl-2018,object_tracking,image,","
https://github.com/OpenMined/Grid,image_classification,image,","
https://github.com/dmarnerides/pydlt,text_classification,"text, image",","
https://github.com/Hananel-Hazan/bindsnet,machine_translation,"text, image, HD1K Benchmark Suite",","
https://github.com/NVIDIA/FastPhotoStyle,object_localization,"image, MS MARCO",","
https://github.com/PetrochukM/PyTorch-NLP,text_classification,"text, IMDB, Mozilla Common Voice",","
https://github.com/iboing/CliqueNet,object_tracking,"image, HD1K Benchmark Suite, ImageNet, CIFAR-10, CIFAR-100, Google Audioset","DenseNet,"
https://github.com/JianWenJun/MLDemo,none,none,","
https://github.com/ctallec/pyvarinf,text_classification,text,","
https://github.com/fastnlp/fastNLP,sentiment_analysis,"text, SQuAD","BERT, LSTM,"
https://github.com/stared/livelossplot,sentiment_analysis,text,","
https://github.com/tomgoldstein/loss-landscape,image_classification,"image, CIFAR-10",","
https://github.com/outcastofmusic/quick-nlp,machine_translation,"text, image","seq2seq,"
https://github.com/ozan-oktay/Attention-Gated-Networks,object_detection,image,","
https://github.com/dmlc/gluon-nlp,image_classification,"image, text, SQuAD","RNN, BERT, LSTM,"
https://github.com/xiaofengShi/CHINESE-OCR,image_classification,image,","
https://github.com/XanaduAI/pennylane,sentiment_analysis,"text, Google Audioset",","
https://github.com/dmlc/dgl,image_classification,image,","
https://github.com/dmlc/dgl,image_classification,image,","
https://github.com/dmlc/dgl,image_classification,image,","
https://github.com/dmlc/dgl,image_classification,image,","
https://github.com/dmlc/dgl,object_localization,image,"GAN, End-to-End,"
https://github.com/NVIDIA/DeepLearningExamples,instance_segmentation,image,"SSD, BERT,"
https://github.com/MillionIntegrals/vel,sentiment_analysis,"text, ImageNet, IMDB, DeepMind Q&A, Mozilla Common Voice","residual, LSTM, GRU,"
https://github.com/NervanaSystems/nlp-architect,sentiment_analysis,"text, Mozilla Common Voice","BERT, End-to-End,"
https://github.com/qfgaohao/pytorch-ssd,image_classification,"image, OpenImages, Google Audioset","vgg, SSD,"
https://github.com/waleedka/hiddenlayer,object_tracking,"image, Mozilla Common Voice",","
https://github.com/MIC-DKFZ/trixi,object_localization,"image, text, MNIST, Google Audioset","Sphinx,"
https://github.com/juefeix/pnn.pytorch,object_recognition,"image, MNIST, ImageNet, CIFAR-10","CNN, residual,"
https://github.com/LoSealL/VideoSuperResolution,none,none,","
https://github.com/LoSealL/VideoSuperResolution,sentiment_analysis,text,","
https://github.com/LoSealL/VideoSuperResolution,instance_segmentation,"image, HD1K Benchmark Suite, COCO, ImageNet",","
https://github.com/LoSealL/VideoSuperResolution,instance_segmentation,"image, HD1K Benchmark Suite, COCO, ImageNet",","
https://github.com/LoSealL/VideoSuperResolution,image_classification,"image, HD1K Benchmark Suite, COCO, ImageNet",","
https://github.com/mlflow/mlflow,object_tracking,"image, Mozilla Common Voice",","
https://github.com/nyukat/breast_density_classifier,image_classification,image,"CNN,"
https://github.com/zalandoresearch/flair,ner,"text, image","BERT, ELMo,"
https://github.com/lanwuwei/SPM_toolkit,semantic_segmentation,image,","
https://github.com/uber/petastorm,text_classification,"text, image",","
https://github.com/salesforce/decaNLP,object_localization,"image, text, SQuAD, MultiNLI",","
https://github.com/akanimax/T2F,sentiment_analysis,"text, image","GAN, LSTM,"
https://github.com/buppt/ChineseNER,none,none,","
https://github.com/supervisely/supervisely,instance_segmentation,"image, text, Mozilla Common Voice","ResNet, rcnn, YOLO,"
https://github.com/Mariewelt/OpenChem,ner,text,","
https://github.com/sniklaus/pytorch-pwc,object_recognition,image,","
https://github.com/tiberiu44/TTS-Cube,object_detection,"image, audio, Google Audioset","RNN, LSTM,"
https://github.com/miaow1988/ShuffleNet_V2_pytorch_caffe,image_classification,"image, ImageNet",","
https://github.com/SiyuanQi/gpnn,object_detection,"image, Google Audioset","End-to-End,"
https://github.com/lancopku/SU4MLC,text_classification,text,","
https://github.com/RJT1990/mantra,object_tracking,"image, Mozilla Common Voice",","
https://github.com/arogozhnikov/einops,object_detection,image,","
https://github.com/SeuTao/Kaggle_TGS2018_4th_solution,sentiment_analysis,text,","
https://github.com/google/uis-rnn,object_localization,"image, text, Google Audioset",","
https://github.com/vergeml/vergeml,object_detection,"image, ImageNet",","
https://github.com/huggingface/hmtl,ner,text,","
https://github.com/jantic/DeOldify,sentiment_analysis,"text, image, HD1K Benchmark Suite, ImageNet, Mozilla Common Voice","GAN,"
https://github.com/lazyprogrammer/machine_learning_examples,text_classification,"text, MNIST, Google Audioset","CNN, RNN, LSTM, HMM, GMM, GRU,"
https://github.com/explosion/thinc,image_classification,"image, MNIST","residual, RNN,"
https://github.com/explosion/thinc,image_classification,"image, MNIST","residual, RNN,"
https://github.com/explosion/thinc,image_classification,"image, MNIST, HD1K Benchmark Suite, Google Audioset","residual, RNN,"
https://github.com/LxMLS/lxmls-toolkit,sentiment_analysis,"text, Mozilla Common Voice",","
https://github.com/LxMLS/lxmls-toolkit,sentiment_analysis,"text, Mozilla Common Voice",","
https://github.com/LxMLS/lxmls-toolkit,sentiment_analysis,"text, Mozilla Common Voice",","
https://github.com/satojkovic/DeepLogo,object_detection,image,"SSD,"
https://github.com/deepchem/deepchem,object_localization,"image, HD1K Benchmark Suite",","
https://github.com/dpressel/baseline,machine_translation,"text, Mozilla Common Voice","seq2seq,"
https://github.com/tensorlayer/tensorlayer,image_classification,"image, tencent, MNIST, HD1K Benchmark Suite, Google Audioset",","
https://github.com/philferriere/dlwin,sentiment_analysis,"text, image, MNIST, Facebook bAbI, Google Audioset",","
https://github.com/philferriere/dlwin,sentiment_analysis,"text, image, MNIST, Facebook bAbI, Google Audioset",","
https://github.com/philferriere/dlwin,sentiment_analysis,"text, image, MNIST, Facebook bAbI, Google Audioset",","
https://github.com/philferriere/dlwin,sentiment_analysis,"text, image, MNIST, Facebook bAbI, Google Audioset",","
https://github.com/tdeboissiere/DeepLearningImplementations,image_classification,image,"DenseNet, GAN,"
https://github.com/keskarnitish/large-batch-training,instance_segmentation,image,","
https://github.com/locuslab/icnn,image_classification,image,"CNN,"
https://github.com/GoogleCloudPlatform/cloudml-samples,text_classification,"text, image, MNIST, ImageNet, Google Audioset","ResNet, DNN,"
https://github.com/LaurentMazare/deep-models,image_classification,image,","
https://github.com/dmlc/tvm,object_localization,image,"Sphinx,"
https://github.com/ray-project/ray,image_classification,"image, Facebook bAbI",","
https://github.com/deepgram/kur,image_classification,"image, MNIST, CIFAR-10, Facebook bAbI","CNN,"
https://github.com/WayneDW/Sentiment-Analysis-in-Event-Driven-Stock-Price-Movement-Prediction,sentiment_analysis,"text, Google Audioset","CNN, DNN,"
https://github.com/hahnyuan/nn_tools,image_classification,"image, Comma 2k19","vgg, AlexNet, ResNet,"
https://github.com/wiseodd/generative-models,none,none,"GAN, VAE, RBM,"
https://github.com/dmlc/tensorboard,semantic_segmentation,"image, audio, HD1K Benchmark Suite, Google Audioset",","
https://github.com/pytorch/text,text_classification,"text, SQuAD, MultiNLI, Facebook bAbI, DBPedia, IMDB, Mozilla Common Voice",","
https://github.com/Cadene/skip-thoughts.torch,object_detection,image,","
https://github.com/albertaparicio/tfg-voice-conversion,speech_recognition,"audio, Mozilla Common Voice","seq2seq,"
https://github.com/floydhub/dockerfiles,object_detection,image,","
https://github.com/roatienza/Deep-Learning-Experiments,instance_segmentation,"image, text, MNIST","CNN, ResNet, DenseNet, GAN, VAE, LSTM, GRU,"
https://github.com/AKSHAYUBHAT/DeepVideoAnalytics,object_detection,"image, Google Audioset",","
https://github.com/azavea/raster-vision,image_classification,image,","
https://github.com/ruotianluo/pytorch-resnet,image_classification,image,"ResNet,"
https://github.com/thunlp/OpenNRE,sentiment_analysis,"text, HD1K Benchmark Suite, Google Audioset",","
https://github.com/yunjey/pytorch-tutorial,object_detection,image,"residual,"
https://github.com/analysiscenter/batchflow,object_localization,image,"vgg, inception, ResNet,"
https://github.com/lopuhin/kaggle-dstl,image_classification,image,"CNN, DenseNet, SegNet,"
https://github.com/castorini/Castor,text_classification,"text, Mozilla Common Voice","CNN,"
https://github.com/PavlosMelissinos/enet-keras,semantic_segmentation,image,"ENet,"
https://github.com/bfortuner/ml-cheatsheet,sentiment_analysis,text,"RNN, Sphinx,"
https://github.com/llSourcell/how_to_convert_text_to_images,text_classification,"text, image, Youtube","GAN,"
https://github.com/marian-margeta/gait-recognition,object_detection,"image, text","residual, LSTM, SVM, DNN, GRU,"
https://github.com/A2Zadeh/CMU-MultimodalSDK,sentiment_analysis,"text, audio, HD1K Benchmark Suite, Mozilla Common Voice","BERT, LSTM,"
https://github.com/allenai/allennlp,object_detection,"image, HD1K Benchmark Suite","ELMo,"
https://github.com/HendrikStrobelt/Seq2Seq-Vis,image_classification,image,","
https://github.com/marvis/pytorch-caffe-darknet-convert,sentiment_analysis,"text, ImageNet, Mozilla Common Voice",","
https://github.com/eladhoffer/bigBatch,image_classification,"image, MNIST","ResNet,"
https://github.com/ShiyuLiang/odin-pytorch,image_classification,"image, ImageNet, CIFAR-10, CIFAR-100, tinyImageNet","ResNet, DenseNet,"
https://github.com/ne7ermore/torch-light,text_classification,text,"CNN, DenseNet, GAN, RNN, BERT, LSTM, seq2seq, BiLSTM,"
https://github.com/bethgelab/foolbox,object_detection,image,","
https://github.com/XuezheMax/NeuroNLP2,machine_translation,text,"End-to-End,"
https://github.com/robintibor/braindecode,none,none,","
https://github.com/gzuidhof/nn-transfer,image_classification,image,","
https://github.com/huggingface/neuralcoref,speech_recognition,audio,","
https://github.com/TarrySingh/Artificial-Intelligence-Deep-Learning-Machine-Learning-Tutorials,machine_translation,"text, image, MNIST, Quora, Facebook bAbI, Google Audioset",","
https://github.com/dnouri/skorch,text_classification,"text, Mozilla Common Voice",","
https://github.com/OpenMined/PySyft No.129,machine_translation,"text, image, Youtube, MNIST","Sphinx,"